[{"version":0,"tags":[],"shapes":[],"tracks":[{"frame":0,"group":0,"source":"manual","shapes":[{"type":"skeleton","occluded":false,"outside":false,"z_order":0,"rotation":0.0,"points":[],"frame":0,"attributes":[]}],"attributes":[],"elements":[{"frame":0,"group":0,"source":"manual","shapes":[{"type":"points","occluded":false,"outside":false,"z_order":0,"rotation":0.0,"points":[723.9496092524023,753.5941405024023],"frame":0,"attributes":[]}],"attributes":[],"label":"1"},{"frame":0,"group":0,"source":"manual","shapes":[{"type":"points","occluded":false,"outside":false,"z_order":0,"rotation":0.0,"points":[729.8037109375,879.7255859375],"frame":0,"attributes":[]}],"attributes":[],"label":"2"},{"frame":0,"group":0,"source":"manual","shapes":[{"type":"points","occluded":false,"outside":false,"z_order":0,"rotation":0.0,"points":[1210.614908854166,593.3951822916661],"frame":0,"attributes":[]}],"attributes":[],"label":"3"},{"frame":0,"group":0,"source":"manual","shapes":[{"type":"points","occluded":false,"outside":false,"z_order":0,"rotation":0.0,"points":[1213.0287108149023,731.8773436274023],"frame":0,"attributes":[]}],"attributes":[],"label":"4"},{"frame":0,"group":0,"source":"manual","shapes":[{"type":"points","occluded":false,"outside":false,"z_order":0,"rotation":0.0,"points":[1628.3412353730382,497.1556884980382],"frame":0,"attributes":[]}],"attributes":[],"label":"5"},{"frame":0,"group":0,"source":"manual","shapes":[{"type":"points","occluded":false,"outside":false,"z_order":0,"rotation":0.0,"points":[1590.541015625,609.4443359375],"frame":0,"attributes":[]}],"attributes":[],"label":"6"},{"frame":0,"group":0,"source":"manual","shapes":[{"type":"points","occluded":false,"outside":false,"z_order":0,"rotation":0.0,"points":[1027.3473468749999,244.69207343749986],"frame":0,"attributes":[]}],"attributes":[],"label":"7"},{"frame":0,"group":0,"source":"manual","shapes":[{"type":"points","occluded":false,"outside":false,"z_order":0,"rotation":0.0,"points":[1234.0752519549915,431.3838457049915],"frame":0,"attributes":[]}],"attributes":[],"label":"8"},{"frame":0,"group":0,"source":"manual","shapes":[{"type":"points","occluded":false,"outside":false,"z_order":0,"rotation":0.0,"points":[583.4716796875,451.580078125],"frame":0,"attributes":[]}],"attributes":[],"label":"9"},{"frame":0,"group":0,"source":"manual","shapes":[{"type":"points","occluded":false,"outside":false,"z_order":0,"rotation":0.0,"points":[1343.7978515625,299.0478515625],"frame":0,"attributes":[]}],"attributes":[],"label":"10"}],"label":"box"}]}]