[{"version":0,"tags":[],"shapes":[],"tracks":[{"frame":0,"group":0,"source":"manual","shapes":[{"type":"skeleton","occluded":false,"outside":false,"z_order":0,"rotation":0.0,"points":[],"frame":0,"attributes":[]}],"attributes":[],"elements":[{"frame":0,"group":0,"source":"manual","shapes":[{"type":"points","occluded":false,"outside":false,"z_order":0,"rotation":0.0,"points":[344.5394530024023,878.0970701899023],"frame":0,"attributes":[]}],"attributes":[],"label":"1"},{"frame":0,"group":0,"source":"manual","shapes":[{"type":"points","occluded":false,"outside":false,"z_order":0,"rotation":0.0,"points":[385.2031816424915,1028.8799394549915],"frame":0,"attributes":[]}],"attributes":[],"label":"2"},{"frame":0,"group":0,"source":"manual","shapes":[{"type":"points","occluded":false,"outside":false,"z_order":0,"rotation":0.0,"points":[985.0621022429877,768.7857350554877],"frame":0,"attributes":[]}],"attributes":[],"label":"3"},{"frame":0,"group":0,"source":"manual","shapes":[{"type":"points","occluded":false,"outside":false,"z_order":0,"rotation":0.0,"points":[994.0902347457795,950.9466800582795],"frame":0,"attributes":[]}],"attributes":[],"label":"4"},{"frame":0,"group":0,"source":"manual","shapes":[{"type":"points","occluded":false,"outside":false,"z_order":0,"rotation":0.0,"points":[1572.384765625,739.8466796875],"frame":0,"attributes":[]}],"attributes":[],"label":"5"},{"frame":0,"group":0,"source":"manual","shapes":[{"type":"points","occluded":false,"outside":false,"z_order":0,"rotation":0.0,"points":[1544.5,885.8681640625],"frame":0,"attributes":[]}],"attributes":[],"label":"6"},{"frame":0,"group":0,"source":"manual","shapes":[{"type":"points","occluded":false,"outside":false,"z_order":0,"rotation":0.0,"points":[919.6767578125,402.333984375],"frame":0,"attributes":[]}],"attributes":[],"label":"7"},{"frame":0,"group":0,"source":"manual","shapes":[{"type":"points","occluded":false,"outside":false,"z_order":0,"rotation":0.0,"points":[987.9185475554877,581.5113209929877],"frame":0,"attributes":[]}],"attributes":[],"label":"8"},{"frame":0,"group":0,"source":"manual","shapes":[{"type":"points","occluded":false,"outside":false,"z_order":0,"rotation":0.0,"points":[444.2646484375,578.7041015625],"frame":0,"attributes":[]}],"attributes":[],"label":"9"},{"frame":0,"group":0,"source":"manual","shapes":[{"type":"points","occluded":false,"outside":false,"z_order":0,"rotation":0.0,"points":[1343.5380859375,503.564453125],"frame":0,"attributes":[]}],"attributes":[],"label":"10"}],"label":"box"}]}]