[{"version":0,"tags":[],"shapes":[],"tracks":[{"frame":0,"group":0,"source":"manual","shapes":[{"type":"skeleton","occluded":false,"outside":false,"z_order":0,"rotation":0.0,"points":[],"frame":0,"attributes":[]}],"attributes":[],"elements":[{"frame":0,"group":0,"source":"manual","shapes":[{"type":"points","occluded":false,"outside":false,"z_order":0,"rotation":0.0,"points":[382.1500547818978,752.6773985318978],"frame":0,"attributes":[]}],"attributes":[],"label":"1"},{"frame":0,"group":0,"source":"manual","shapes":[{"type":"points","occluded":false,"outside":false,"z_order":0,"rotation":0.0,"points":[422.0125857840394,838.9989139090394],"frame":0,"attributes":[]}],"attributes":[],"label":"2"},{"frame":0,"group":0,"source":"manual","shapes":[{"type":"points","occluded":false,"outside":false,"z_order":0,"rotation":0.0,"points":[921.3612855800075,690.3398012050075],"frame":0,"attributes":[]}],"attributes":[],"label":"3"},{"frame":0,"group":0,"source":"manual","shapes":[{"type":"points","occluded":false,"outside":false,"z_order":0,"rotation":0.0,"points":[922.175965199609,811.847840199609],"frame":0,"attributes":[]}],"attributes":[],"label":"4"},{"frame":0,"group":0,"source":"manual","shapes":[{"type":"points","occluded":false,"outside":false,"z_order":0,"rotation":0.0,"points":[1442.3727110318978,703.1197813443978],"frame":0,"attributes":[]}],"attributes":[],"label":"5"},{"frame":0,"group":0,"source":"manual","shapes":[{"type":"points","occluded":false,"outside":false,"z_order":0,"rotation":0.0,"points":[1405.952873119024,792.1628340565239],"frame":0,"attributes":[]}],"attributes":[],"label":"6"},{"frame":0,"group":0,"source":"manual","shapes":[{"type":"points","occluded":false,"outside":false,"z_order":0,"rotation":0.0,"points":[907.8241762050075,273.97749651750746],"frame":0,"attributes":[]}],"attributes":[],"label":"7"},{"frame":0,"group":0,"source":"manual","shapes":[{"type":"points","occluded":false,"outside":false,"z_order":0,"rotation":0.0,"points":[925.1568989082425,572.1139301582425],"frame":0,"attributes":[]}],"attributes":[],"label":"8"},{"frame":0,"group":0,"source":"manual","shapes":[{"type":"points","occluded":false,"outside":false,"z_order":0,"rotation":0.0,"points":[466.9022765142781,387.8983702642781],"frame":0,"attributes":[]}],"attributes":[],"label":"9"},{"frame":0,"group":0,"source":"manual","shapes":[{"type":"points","occluded":false,"outside":false,"z_order":0,"rotation":0.0,"points":[1325.6969297818978,361.2174375943978],"frame":0,"attributes":[]}],"attributes":[],"label":"10"}],"label":"box"}]}]