[{"version":0,"tags":[],"shapes":[],"tracks":[{"frame":0,"group":0,"source":"manual","shapes":[{"type":"skeleton","occluded":false,"outside":false,"z_order":0,"rotation":0.0,"points":[],"frame":0,"attributes":[]}],"attributes":[],"elements":[{"frame":0,"group":0,"source":"manual","shapes":[{"type":"points","occluded":false,"outside":false,"z_order":0,"rotation":0.0,"points":[278.9213134980382,756.2006103730382],"frame":0,"attributes":[]}],"attributes":[],"label":"1"},{"frame":0,"group":0,"source":"manual","shapes":[{"type":"points","occluded":false,"outside":false,"z_order":0,"rotation":0.0,"points":[342.6015625,877.4140625],"frame":0,"attributes":[]}],"attributes":[],"label":"2"},{"frame":0,"group":0,"source":"manual","shapes":[{"type":"points","occluded":false,"outside":false,"z_order":0,"rotation":0.0,"points":[973.9931640625,703.951171875],"frame":0,"attributes":[]}],"attributes":[],"label":"3"},{"frame":0,"group":0,"source":"manual","shapes":[{"type":"points","occluded":false,"outside":false,"z_order":0,"rotation":0.0,"points":[974.2607421875,870.244140625],"frame":0,"attributes":[]}],"attributes":[],"label":"4"},{"frame":0,"group":0,"source":"manual","shapes":[{"type":"points","occluded":false,"outside":false,"z_order":0,"rotation":0.0,"points":[1672.9375,741.9375],"frame":0,"attributes":[]}],"attributes":[],"label":"5"},{"frame":0,"group":0,"source":"manual","shapes":[{"type":"points","occluded":false,"outside":false,"z_order":0,"rotation":0.0,"points":[1606.267578125,868.6328125],"frame":0,"attributes":[]}],"attributes":[],"label":"6"},{"frame":0,"group":0,"source":"manual","shapes":[{"type":"points","occluded":false,"outside":false,"z_order":0,"rotation":0.0,"points":[974.6273436274023,201.9779295649023],"frame":0,"attributes":[]}],"attributes":[],"label":"7"},{"frame":0,"group":0,"source":"manual","shapes":[{"type":"points","occluded":false,"outside":false,"z_order":0,"rotation":0.0,"points":[982.6654541230382,536.8431884980382],"frame":0,"attributes":[]}],"attributes":[],"label":"8"},{"frame":0,"group":0,"source":"manual","shapes":[{"type":"points","occluded":false,"outside":false,"z_order":0,"rotation":0.0,"points":[443.25390625,341.587890625],"frame":0,"attributes":[]}],"attributes":[],"label":"9"},{"frame":0,"group":0,"source":"manual","shapes":[{"type":"points","occluded":false,"outside":false,"z_order":0,"rotation":0.0,"points":[1493.2421875,331.638671875],"frame":0,"attributes":[]}],"attributes":[],"label":"10"}],"label":"box"}]}]