[{"version":0,"tags":[],"shapes":[{"type":"skeleton","occluded":false,"outside":false,"z_order":0,"rotation":0.0,"points":[],"frame":0,"group":0,"source":"manual","attributes":[],"elements":[{"type":"points","occluded":false,"outside":false,"z_order":0,"rotation":0.0,"points":[399.89330280652393,732.2604903065239],"frame":0,"group":0,"source":"manual","attributes":[],"label":"1"},{"type":"points","occluded":false,"outside":false,"z_order":0,"rotation":0.0,"points":[420.17650593152393,863.1218184315239],"frame":0,"group":0,"source":"manual","attributes":[],"label":"2"},{"type":"points","occluded":false,"outside":false,"z_order":0,"rotation":0.0,"points":[916.0658447480382,711.0375244355382],"frame":0,"group":0,"source":"manual","attributes":[],"label":"3"},{"type":"points","occluded":false,"outside":false,"z_order":0,"rotation":0.0,"points":[913.7920488299915,867.1416582049915],"frame":0,"group":0,"source":"manual","attributes":[],"label":"4"},{"type":"points","occluded":false,"outside":false,"z_order":0,"rotation":0.0,"points":[1431.6371338105382,743.5834228730382],"frame":0,"group":0,"source":"manual","attributes":[],"label":"5"},{"type":"points","occluded":false,"outside":false,"z_order":0,"rotation":0.0,"points":[1416.10546875,878.5361328125],"frame":0,"group":0,"source":"manual","attributes":[],"label":"6"},{"type":"points","occluded":false,"outside":false,"z_order":0,"rotation":0.0,"points":[935.89453125,398.1884765625],"frame":0,"group":0,"source":"manual","attributes":[],"label":"7"},{"type":"points","occluded":false,"outside":false,"z_order":0,"rotation":0.0,"points":[918.5589842524023,552.4925780024023],"frame":0,"group":0,"source":"manual","attributes":[],"label":"8"},{"type":"points","occluded":false,"outside":false,"z_order":0,"rotation":0.0,"points":[531.7607421875,518.0634765625],"frame":0,"group":0,"source":"manual","attributes":[],"label":"9"},{"type":"points","occluded":false,"outside":false,"z_order":0,"rotation":0.0,"points":[1340.955078125,527.5625],"frame":0,"group":0,"source":"manual","attributes":[],"label":"10"}],"label":"box"}],"tracks":[]}]